Date,Bus,Ferry,Light Rail,Metro,Train,Unallocated,Total_Trips,Year,Total_Population,Per_Capita_Trips,Population_YoY_Growth,Trips_YoY_Growth,Trips_MoM_Change,Trips_MoM_Pct_Change,Log_Total_Trips,Log_Population,Bus_Proportion,Bus_Per_Capita,Train_Proportion,Train_Per_Capita,Light Rail_Proportion,Light Rail_Per_Capita,Ferry_Proportion,Ferry_Per_Capita,Metro_Proportion,Metro_Per_Capita,Unallocated_Proportion,Unallocated_Per_Capita,Time_Index,Month,Quarter,Season
2016-07-01,21198509.0,1213712.0,827732.0,0.0,28819249.0,0.0,52059202.0,2016,13485380.0,3860.417874765116,,,,,17.76789212894606,16.41711669361759,40.72000373728357,1571.962302879118,55.358606918331176,2137.073556696215,1.5899821130565928,61.3799536980048,2.331407231328671,90.0020614917785,0.0,0.0,0.0,0.0,0,7,3,3
2016-08-01,25210772.0,1095055.0,840800.0,0.0,32393980.0,0.0,59540607.0,2016,13485380.0,4415.196827972219,,,7481405.0,14.370955974315546,17.902169108326945,16.41711669361759,42.342148107425245,1869.489180134338,54.40653300696111,2402.1555195330056,1.4121454959301976,62.349003142662646,1.8391733896834475,81.2031251622127,0.0,0.0,0.0,0.0,1,8,3,3
2016-09-01,23011540.0,1143718.0,758073.0,0.0,30648352.0,0.0,55561683.0,2016,13485380.0,4120.142183609213,,,-3978924.0,-6.682706476270894,17.83300436696831,16.41711669361759,41.41620404119148,1706.4064935507934,55.160949678216184,2272.7095565716354,1.3643809169711436,56.21443370524227,2.0584653636211847,84.8116997815412,0.0,0.0,0.0,0.0,2,9,3,4
2016-10-01,23095302.0,1281152.0,776960.0,0.0,30106833.0,0.0,55260247.0,2016,13485380.0,4097.789383762267,,,-301436.0,-0.5425249627517559,17.82756434722878,16.41711669361759,41.79370027064845,1712.6178127720539,54.481900886183155,2232.5535505858934,1.4060016778426632,57.614987490156004,2.318397165325736,95.00303291416334,0.0,0.0,0.0,0.0,3,10,4,4
2016-11-01,24422383.0,1302501.0,705265.0,0.0,31318279.0,0.0,57748428.0,2016,13485380.0,4282.298904443182,,,2488181.0,4.502659932012243,17.871606686216463,16.41711669361759,42.29099188639386,1811.0266822291994,54.23226239162735,2322.3875782514096,1.221271339195588,52.29848917865125,2.255474382783199,96.58615478392154,0.0,0.0,0.0,0.0,4,11,4,4
2016-12-01,20880865.0,1506986.0,726521.0,0.0,28189584.0,0.0,51303956.0,2016,13485380.0,3804.4130754936086,,,-6444472.0,-11.159562646449873,17.753278422177534,16.41711669361759,40.70030194162805,1548.4076088326765,54.94621896214007,2090.3811386850057,1.4161110694855579,53.87471469102095,2.9373680267463196,111.74961328490558,0.0,0.0,0.0,0.0,5,12,4,1
2017-01-01,19550895.0,1738083.0,428998.0,0.0,26735422.0,0.0,48453398.0,2017,13668312.0,3544.943808716102,,,-2850558.0,-5.556214807294779,17.696113028000692,16.43059071899805,40.34989455228713,1430.3810887547781,55.17759972169547,1956.0149051323967,0.8853826928711996,31.386318954381494,3.587123033146199,127.16149587454545,0.0,0.0,0.0,0.0,6,1,1,1
2017-02-01,22534683.0,1186315.0,740308.0,0.0,28767036.0,0.0,53228342.0,2017,13668312.0,3894.2878974375185,,,4774944.0,9.854714420648069,17.79010155681488,16.43059071899805,42.33587249439405,1648.680758823767,54.04458399249032,2104.6516936400044,1.3908154418937189,54.16235742935924,2.2287280712219064,86.79308754438735,0.0,0.0,0.0,0.0,7,2,1,1
2017-03-01,26811115.0,1216242.0,875062.0,0.0,34566385.0,0.0,63468804.0,2017,13668312.0,4643.499797195147,,,10240462.0,19.23873939188261,17.966059067556976,16.43059071899805,42.24298129203758,1961.552750624949,54.46200782356006,2528.9432228354167,1.3787277289800515,64.02121929906194,1.9162831554223079,88.98260443571965,0.0,0.0,0.0,0.0,8,3,1,2
2017-04-01,20723045.0,1408468.0,815237.0,0.0,28745729.0,0.0,51692479.0,2017,13668312.0,3781.9212057787386,,,-11776325.0,-18.554509078192183,17.76082285500849,16.43059071899805,40.089091103562666,1516.1378376495943,55.609112884680954,2103.092832531186,1.5770901604467453,59.64430721218538,2.724705851309627,103.04622838577288,0.0,0.0,0.0,0.0,9,4,2,2
2017-05-01,26075384.0,1149830.0,833483.0,0.0,34863010.0,0.0,62921707.0,2017,13668312.0,4603.4731282107105,,,11229228.0,21.723136938354216,17.95740176547484,16.43059071899805,41.44099904981917,1907.7252553204812,55.40696790060067,2550.644878460486,1.324635073870453,60.979219672480404,1.8273979757097183,84.12377475726338,0.0,0.0,0.0,0.0,10,5,2,2
2017-06-01,22537074.0,1156147.0,848006.0,0.0,31706870.0,0.0,56248097.0,2017,13668312.0,4115.218982417141,,,-6673610.0,-10.60621257462071,17.845282767365408,16.43059071899805,40.06726485342251,1648.8556889833944,56.36967593765883,2319.735604513564,1.507617226588128,62.04175029074548,2.055441982330531,84.5859386294372,0.0,0.0,0.0,0.0,11,6,2,3
2017-07-01,22201972.0,1308653.0,835146.0,0.0,31070534.0,0.0,55416305.0,2017,13668312.0,4054.36347955768,1.3565209137599288,6.44862554750647,-831792.0,-1.4787913624882298,17.83038442249504,16.43059071899805,40.06397034230268,1624.3389820191403,56.06749493673387,2273.1800386177897,1.5070402113601764,61.100887951635876,2.361494509603266,95.74357096911456,0.0,0.0,0.0,0.0,12,7,3,3
2017-08-01,25556220.0,1099455.0,780690.0,0.0,34285607.0,0.0,61721972.0,2017,13668312.0,4515.698207649928,1.3565209137599288,3.6636593241315074,6305667.0,11.378721479174757,17.93815053569412,16.43059071899805,41.40538477934568,1869.7422183514686,55.54846335758683,2508.400964215625,1.2648494121347906,57.11678223324138,1.7813024509327084,80.43824284959254,0.0,0.0,0.0,0.0,13,8,3,3
2017-09-01,23158761.0,1197661.0,764215.0,0.0,32067318.0,0.0,57187955.0,2017,13668312.0,4183.980801725919,1.3565209137599288,2.9269667731267157,-4534017.0,-7.345871904416789,17.861853857252516,16.43059071899805,40.49587190169678,1694.3395058585143,56.073552551407026,2346.106673596564,1.3363216082827232,55.911439539864176,2.094253938613472,87.62318273097658,0.0,0.0,0.0,0.0,14,9,3,4
2017-10-01,24234511.0,1303497.0,852461.0,0.0,32910234.0,0.0,59300703.0,2017,13668312.0,4338.55350975307,1.3565209137599288,7.311686464231704,2112748.0,3.6943933385972683,17.89813171887239,16.43059071899805,40.86715633033895,1773.0434453061944,55.497207174761485,2407.776029695547,1.43752258721115,62.36768666094248,2.198113907688413,95.366348090386,0.0,0.0,0.0,0.0,15,10,4,4
2017-11-01,24886885.0,1267596.0,874986.0,0.0,33457124.0,0.0,60486591.0,2017,13668312.0,4425.315357156026,1.3565209137599288,4.741536860535844,1185888.0,1.9997874224189305,17.917932262072465,16.43059071899805,41.14446621731418,1820.7723821346776,55.31329084160157,2447.787554161772,1.4465784656305065,64.01565899285882,2.0956644754537415,92.7397618667177,0.0,0.0,0.0,0.0,16,11,4,4
2017-12-01,21142440.0,1510687.0,879306.0,0.0,29467889.0,0.0,53000322.0,2017,13668312.0,3877.6055155896356,1.3565209137599288,3.3065013543984723,-7486269.0,-12.37674148308342,17.785808546969637,16.43059071899805,39.89115386883876,1546.82158265044,55.59945277313598,2155.9274473687756,1.6590578449693194,64.33171850335287,2.8503355130559394,110.52476706706723,0.0,0.0,0.0,0.0,17,12,4,1
2018-01-01,20776880.0,1676043.0,193720.0,0.0,28186866.0,0.0,50833509.0,2018,13886922.0,3660.531037763444,1.599392814562628,4.9121652933402205,-2166813.0,-4.088301576733821,17.744066321075366,16.446458091901864,40.87240957534527,1496.1472383873115,55.449380840500304,2029.74179591417,0.38108720765273163,13.949815517074267,3.2971223765016893,120.692187944888,0.0,0.0,0.0,0.0,18,1,1,1
2018-02-01,23814721.0,1260438.0,759545.0,0.0,30036091.0,0.0,55870795.0,2018,13886922.0,4023.266998979327,1.599392814562628,4.964372176011045,5037286.0,9.909380837746218,17.838552350795343,16.446458091901864,42.62463242200151,1714.9027696706296,53.75991338587539,2162.9048539337946,1.3594669630170826,54.69498568509278,2.2559872291060117,90.7643896898103,0.0,0.0,0.0,0.0,19,2,1,1
2018-03-01,27060724.0,1384618.0,843889.0,0.0,34967488.0,0.0,64256719.0,2018,13886922.0,4627.139044922986,1.599392814562628,1.2414209034094847,8385924.0,15.009494674274816,17.978396852147412,16.446458091901864,42.113454314404066,1948.6480877475944,54.41841498318642,2518.0157273152395,1.313308574002977,60.768613808013036,2.1548221284065248,99.70661605213883,0.0,0.0,0.0,0.0,20,3,1,2
2018-04-01,23064993.0,1482798.0,828957.0,0.0,31512166.0,0.0,56888914.0,2018,13886922.0,4096.581949549368,1.599392814562628,10.052593917966291,-7367805.0,-11.466201690129862,17.856611047073716,16.446458091901864,40.54391511147497,1660.9147080973019,55.39245484629923,2269.1973066457776,1.4571503333672358,59.69335753452061,2.606479708858566,106.77657727176691,0.0,0.0,0.0,0.0,21,4,2,2
2018-05-01,27352355.0,1200186.0,858727.0,0.0,36322565.0,0.0,65733833.0,2018,13886922.0,4733.50631623048,1.599392814562628,4.469246201473842,8844919.0,15.547702316834533,18.001124312855687,16.446458091901864,41.610771427249645,1969.6484937410896,55.257031793657916,2615.595090114282,1.3063698871781901,61.83710112291262,1.8258268919142444,86.4256312521954,0.0,0.0,0.0,0.0,22,5,2,2
2018-06-01,23659601.0,1139702.0,847949.0,0.0,32604345.0,0.0,58251597.0,2018,13886922.0,4194.709021912847,1.599392814562628,3.561898280754283,-7482236.0,-11.382625443430328,17.880282066343277,16.446458091901864,40.616227225495635,1703.7325477884876,55.971589929113875,2347.8453324646025,1.455666528764868,61.06097521106549,1.9565163166256196,82.0701664486918,0.0,0.0,0.0,0.0,23,6,2,3
2018-07-01,23482840.0,1294271.0,860464.0,0.0,33053594.0,0.0,58691169.0,2018,13886922.0,4226.362688578506,1.599392814562628,5.909567590260667,439572.0,0.7546093543152166,17.8877998305505,16.446458091901864,40.01085751077815,1691.0039532158385,56.31783207453237,2380.1958418143345,1.466087683480968,61.96218283648457,2.205222731208506,93.20071071184817,0.0,0.0,0.0,0.0,24,7,3,3
2018-08-01,26965887.0,1103191.0,867789.0,0.0,35713800.0,0.0,64650667.0,2018,13886922.0,4655.507318324392,1.599392814562628,4.744979632212654,5959498.0,10.153994376905317,17.984508980220955,16.446458091901864,41.71014507862695,1941.8188566191989,55.24119341259078,2571.7578020528954,1.342273854653348,62.48965753534152,1.7063876541289202,79.44100211695579,0.0,0.0,0.0,0.0,25,8,3,3
2018-09-01,24441657.0,1134062.0,847096.0,0.0,33021482.0,0.0,59444297.0,2018,13886922.0,4280.595584824341,1.599392814562628,3.9454846741765914,-5206370.0,-8.053080102019672,17.90055024714715,16.446458091901864,41.116908153527326,1760.04855503617,55.55029442101065,2377.883450342704,1.4250248430055452,60.99955051234535,1.9077725824564802,81.6640289331214,0.0,0.0,0.0,0.0,26,9,3,4
2018-10-01,25414243.0,1124583.0,827311.0,0.0,34501650.0,0.0,61867787.0,2018,13886922.0,4455.111579081384,1.599392814562628,4.328926758254448,2423490.0,4.0769091776794,17.94051019832051,16.446458091901864,41.07831269283965,1830.084665269957,55.76674336193729,2484.4706407942667,1.3372241680472585,59.57482874894811,1.8177197771758025,80.98144426821148,0.0,0.0,0.0,0.0,27,10,4,4
2018-11-01,26630687.0,1264941.0,854268.0,0.0,34803322.0,0.0,63553218.0,2018,13886922.0,4576.479798763182,1.599392814562628,5.069928639225174,1685431.0,2.724246464480773,17.96738819161118,16.446458091901864,41.90297177398633,1917.6810383179225,54.76248582723222,2506.194101183833,1.3441774104971365,61.51600765093949,1.9903649882843069,91.08865161048648,0.0,0.0,0.0,0.0,28,11,4,4
2018-12-01,22345538.0,1503646.0,849158.0,0.0,30124456.0,0.0,54822798.0,2018,13886922.0,3947.8005277195334,1.599392814562628,3.4386130710677643,-8730420.0,-13.737180074815413,17.819616687302936,16.446458091901864,40.759572322448776,1609.1066112418578,54.948775142779105,2169.2680350620535,1.5489140120137612,61.14803554020106,2.7427385227583603,108.27784587542149,0.0,0.0,0.0,0.0,29,12,4,1
2019-01-01,22040138.0,1619996.0,625233.0,0.0,29925564.0,0.0,54210931.0,2019,14107510.0,3842.700164664069,1.5884585511461768,6.644085892240881,-611867.0,-1.1160813061748542,17.808393125042194,16.462217837667996,40.65626174175094,1562.2982368965181,55.202084612787786,2121.250596313595,1.1533338174915313,44.31916050387347,2.9883198279697503,114.83217095008263,0.0,0.0,0.0,0.0,30,1,1,1
2019-02-01,25713814.0,1266715.0,888350.0,0.0,32218764.0,0.0,60087643.0,2019,14107510.0,4259.266376561136,1.5884585511461768,7.547499547840686,5876712.0,10.840455774500523,17.91131477104422,16.462217837667996,42.793846981150516,1822.703935705167,53.619616931887315,2283.8023152207584,1.478423775084671,62.970006755267235,2.1081123118775023,89.79011887994409,0.0,0.0,0.0,0.0,31,2,1,1
2019-03-01,28742223.0,1300757.0,1010066.0,0.0,36530266.0,0.0,67583312.0,2019,14107510.0,4790.591110692106,1.5884585511461768,5.177035260701679,7495669.0,12.474559869156465,18.02887164663196,16.462217837667996,42.52858013232616,2037.3703793227862,54.052198566415335,2589.4198196563393,1.4945494236802126,71.59775183572438,1.9246718775782994,92.20315987725687,0.0,0.0,0.0,0.0,32,3,1,2
2019-04-01,24442222.0,1432483.0,905526.0,0.0,32810678.0,0.0,59590909.0,2019,14107510.0,4224.055768877712,1.5884585511461768,4.749598489435036,-7992403.0,-11.826000773682122,17.903013586844104,16.462217837667996,41.01669601985766,1732.5681144298321,55.059871632433065,2325.7596840264514,1.5195707117003365,64.18751430975416,2.4038616360089424,101.54045611167385,0.0,0.0,0.0,0.0,33,4,2,2
2019-05-01,28499242.0,1179849.0,912170.0,296104.0,37562121.0,0.0,68449486.0,2019,14107510.0,4851.989188737063,1.5884585511461768,4.131286547674762,8858577.0,14.86565173892549,18.041606600539787,16.462217837667996,41.63543609370566,2020.1468579501275,54.87568014754706,2662.5620680049137,1.3326177496789384,64.65846914161322,1.7236783925594417,83.63268925558089,0.43258761650891,20.98910438482766,0.0,0.0,34,5,2,2
2019-06-01,24240764.0,1167062.0,936680.0,1706604.0,32112300.0,0.0,60163410.0,2019,14107510.0,4264.637062103801,1.5884585511461768,3.2819924233150166,-8286076.0,-12.105388198240085,17.912574918180336,16.462217837667996,40.29153932597903,1718.28791898783,53.37513282574907,2276.255696434027,1.5568931348804862,66.39584164746294,1.9398202329289511,82.72629259167635,2.8366144804624605,120.97131244280529,0.0,0.0,35,6,2,3
2019-07-01,25323013.0,1258359.0,986972.0,1958820.0,34148122.0,0.0,63675286.0,2019,14107510.0,4513.573692309983,1.5884585511461768,8.492107219742028,3511876.0,5.837228973557185,17.969307070378406,16.462217837667996,39.76898195635902,1795.0023072817246,53.62853336850344,2420.5633736924515,1.5500079575614314,69.96075140120405,1.9762125607099748,89.19781024433085,3.076264156866135,138.84944969027134,0.0,0.0,36,7,3,3
2019-08-01,26952521.0,1106000.0,989046.0,2084591.934723,34927511.0,0.0,66059669.934723005,2019,14107510.0,4682.588914324569,1.5884585511461768,2.1794097417788594,2384383.9347230047,3.7445987046261564,18.006068981467614,16.462217837667996,40.800265921148544,1910.5087290386468,52.872669564522035,2475.809763735769,1.4972009411753462,70.10776529663987,1.674243908716008,78.39795966829014,3.155619664438066,147.76469658522305,0.0,0.0,37,8,3,3
2019-09-01,25626287.0,1156158.0,857368.0,1989977.0,33518338.0,0.0,63148128.0,2019,14107510.0,4476.206502777599,1.5884585511461768,6.230759192929813,-2911541.9347230047,-4.4074424495309295,17.960993762615928,16.462217837667996,40.581229898058105,1816.4996516040037,53.078909955968925,2375.9216190525476,1.3577092894978613,60.7738715053188,1.8308666252149233,81.95337093505516,3.1512842312601888,141.05798968067361,0.0,0.0,38,9,3,4
2019-10-01,26664094.0,1340447.0,998665.0,2206919.333467,34998484.0,0.0,66208609.333467,2019,14107510.0,4693.1463690946875,1.5884585511461768,7.016288352882261,3060481.333466999,4.846511575872836,18.00832106280591,16.462217837667996,40.27285011485944,1890.0638028964713,52.86092602206196,2480.8406302742296,1.5083612388988765,70.78960071621428,2.024581113384651,95.01655501218855,3.333281510795078,156.4357801955838,0.0,0.0,39,10,4,4
2019-11-01,27053049.0,1266976.0,976810.0,2047537.0,34137150.0,0.0,65481522.0,2019,14107510.0,4641.607342472202,1.5884585511461768,3.034156350666617,-727087.3334669992,-1.09817641661214,17.997278553935622,16.462217837667996,41.314019854333864,1917.6345790291837,52.13249319403419,2419.785631908111,1.4917338054543083,69.24042584410714,1.9348603412119834,89.80861966427811,3.126892804965651,145.13808602652063,0.0,0.0,40,11,4,4
2019-12-01,23199767.0,1457726.0,1683616.0,1922818.0,30275150.0,0.0,58539077.0,2019,14107510.0,4149.497466243157,1.5884585511461768,6.778710929712117,-6942445.0,-10.602143609307069,17.88520507210679,16.462217837667996,39.63124837106673,1644.4976469979465,51.717846524980224,2146.0307311495794,2.8760549128576116,119.34182573678842,2.4901759212910037,103.32978675896739,3.2846742698044245,136.29747559987553,0.0,0.0,41,12,4,1
2020-01-01,22130032.0,1522325.0,2180906.0,1865446.0,29399461.0,0.0,57098170.0,2020,14288584.0,3996.0691696252056,1.2835291273938454,5.325935096004897,-1440907.0,-2.461444685914671,17.86028262507588,16.474971454723367,38.75786561986137,1548.7911188400474,51.48932268757475,2057.548949567011,3.8195725011852395,152.6327591313457,2.6661537488854723,106.54134797401899,3.267085442493166,130.55499411278262,0.0,0.0,42,1,1,1
2020-02-01,25206493.0,1063308.0,1950759.0,1900095.0,30168810.0,0.0,60289465.0,2020,14288584.0,4219.414953924056,1.2835291273938454,0.33587937539836243,3191295.0,5.589137094936669,17.91466793664947,16.474971454723367,41.80911706547736,1764.1001375643662,50.03993649636798,2111.3925634618518,3.235654852800568,136.52570471643656,1.763671314714768,74.41661119114393,3.151620270639323,132.97993699025739,0.0,0.0,43,2,1,1
2020-03-01,19191569.0,677265.0,1264683.0,1408500.0,22506278.0,0.0,45048295.0,2020,14288584.0,3152.7473261171294,1.2835291273938454,-33.34405540823451,-15241170.0,-25.279988800696774,17.623245694465563,16.474971454723367,42.602209473188715,1343.140020032776,49.96033257196527,1575.1230492818602,2.8073937093512638,88.51003010515247,1.5034198297627024,47.399028483158304,3.1266444157320494,98.57519821418273,0.0,0.0,44,3,1,2
2020-04-01,5504822.0,91230.0,232032.0,262852.0,6095725.0,0.0,12186661.0,2020,14288584.0,852.8949404643596,1.2835291273938454,-79.54946282158576,-32861634.0,-72.9475643861771,16.315852550892945,16.474971454723367,45.170879866109345,385.2601489412807,50.019648532112285,426.61505156844095,1.9039833798609809,16.238977914116614,0.7486053809160689,6.3848174178770964,2.156882841001321,18.395944622644205,0.0,0.0,45,4,2,2
2020-05-01,8549735.0,203728.0,443833.0,449327.0,9323674.0,0.0,18970297.0,2020,14288584.0,1327.654090846231,1.2835291273938454,-72.28569839078119,6783636.0,55.66443507372527,16.758384998088058,16.474971454723367,45.06906244008726,598.3612511918606,49.14880352163174,652.5261005569201,2.339620723913811,31.062070251327913,1.0739315256898718,14.258095833708925,2.36858178867732,31.446573012413264,0.0,0.0,46,5,2,2
2020-06-01,12386023.0,377351.0,772279.0,795627.0,13762670.0,0.0,28093950.0,2020,14288584.0,1966.18153345356,1.2835291273938454,-53.30392675548145,9123653.0,48.09441307112905,17.15106480863196,16.474971454723367,44.08786589283458,866.8474776786838,48.9880205524677,963.1934137070546,2.74891569181265,54.0486727026275,1.3431753099866697,26.40926490686551,2.8320225528984,55.68270445832841,0.0,0.0,47,6,2,3
2020-07-01,13132371.0,463754.0,994370.0,943774.0,15446904.0,0.0,30981173.0,2020,14288584.0,2168.2465526325072,1.2835291273938454,-51.3450587406863,2887223.0,10.277027616266142,17.248890255373713,16.474971454723367,42.38823042626566,919.0813449394286,49.859003079063534,1081.0661154387305,3.209594420456579,69.59192037503506,1.49688974010119,32.45626018645374,3.046282334113043,66.05091169285913,0.0,0.0,48,7,3,3
2020-08-01,13107189.0,369977.0,965468.0,948902.0,14385299.0,0.0,29776835.0,2020,14288584.0,2083.959824150525,1.2835291273938454,-54.924335786987676,-1204338.0,-3.8873221488418097,17.209241300189948,16.474971454723367,44.01807310951617,917.3189589675226,48.31036945330153,1006.7686903054915,3.2423459377062738,67.56918670177535,1.2424994127146154,25.893188576278796,3.1867120867614034,66.40979959945646,0.0,0.0,49,8,3,3
2020-09-01,13690626.0,441991.0,1059605.0,1003812.0,15556289.0,0.0,31752323.0,2020,14288584.0,2222.216211207493,1.2835291273938454,-49.7177129304609,1975488.0,6.634311537811177,17.27347644598085,16.474971454723367,43.116927224505744,958.1513465575035,48.99260126574047,1088.7215276195318,3.337094422981273,74.15745325079098,1.3919957919299322,30.933156147593074,3.161381294842585,70.25272763207327,0.0,0.0,50,9,3,4
2020-10-01,14059038.0,560732.0,1277545.0,1052802.0,16502457.0,0.0,33452574.0,2020,14288584.0,2341.2098777597557,1.2835291273938454,-49.47398180271028,1700251.0,5.354729479162823,17.325639292250607,16.474971454723367,42.026774980006024,983.9350071357666,49.33090350536254,1154.9399856556815,3.818973690933319,89.4101892811772,1.6761998643213525,39.24335679448712,3.147147959376758,73.68133889264325,0.0,0.0,51,10,4,4
2020-11-01,14809745.0,529113.0,1391815.0,1162246.0,17317270.0,0.0,35210189.0,2020,14288584.0,2464.218217844399,1.2835291273938454,-46.22881703940847,1757615.0,5.254050106876673,17.37684605891007,16.474971454723367,42.060964228280625,1036.4739431143073,49.18255337964815,1211.9654403823358,3.952875686069166,97.40748278485819,1.5027269521330886,37.03047131892146,3.3008797538689723,81.3408802439766,0.0,0.0,52,11,4,4
2020-12-01,13391873.0,481290.0,1452246.0,1117564.0,16173796.0,0.0,32616769.0,2020,14288584.0,2282.715278154924,1.2835291273938454,-44.282057949085875,-2593420.0,-7.365538424119222,17.300337100588617,16.474971454723367,41.05824522349224,937.2428366589719,49.5873640948311,1131.9383362270187,4.452452050048244,101.6368031989734,1.4755906693271794,33.68353365176004,3.4263479623012323,78.21376841820016,0.0,0.0,53,12,4,1
2021-01-01,11567325.0,539271.0,1273629.0,924685.0,13616536.0,0.0,27921446.0,2021,14437058.0,1934.0121789356253,1.0391092637310972,-51.09922787367791,-4695323.0,-14.395426475258787,17.144905625348294,16.48530893105903,41.42810153886729,801.2245292635106,48.76730238111593,943.1655673891454,4.561472210285957,88.21942808569447,1.9313863615802704,37.35324745526408,3.311737508150545,64.04940674201073,0.0,0.0,54,1,1,1
2021-02-01,14964876.0,547260.0,1663207.0,1263058.0,17765453.0,0.0,36203854.0,2021,14437058.0,2507.703023704691,1.0391092637310972,-39.9499497963699,8282408.0,29.663248815981813,17.4046761352175,16.48530893105903,41.335035767186554,1036.559941783153,49.07061275852013,1230.5452398958291,4.5940053785434,115.204011786889,1.5116070239372856,37.906615045807804,3.4887390718126308,87.48721519301232,0.0,0.0,55,2,1,1
2021-03-01,17032074.0,609963.0,1816634.0,1546314.0,20925803.0,0.0,41930788.0,2021,14437058.0,2904.3859212867333,1.0391092637310972,-6.920366242495968,5726934.0,15.818575558281722,17.551530912197162,16.48530893105903,40.61949420077677,1179.7468708652414,49.90558011931471,1449.4506429218475,4.332458526655879,125.83131549377995,1.4546900477997218,42.249812946654366,3.687777105452919,107.10727905920999,0.0,0.0,56,3,1,2
2021-04-01,15471111.0,926107.0,2147622.0,1454810.0,20552499.0,0.0,40552149.0,2021,14437058.0,2808.8928506070974,1.0391092637310972,232.7584889741333,-1378639.0,-3.287891942312171,17.518099333422306,16.48530893105903,38.15114952354313,1071.6249113912265,50.68165191442752,1423.5932971939296,5.295951146756735,148.75759313289453,2.283743335032627,64.14790326394755,3.5875040802399893,100.76914562509896,0.0,0.0,57,4,2,2
2021-05-01,16650452.0,660979.0,1999285.0,1607509.0,21038609.0,0.0,41956834.0,2021,14437058.0,2906.1900284670187,1.0391092637310972,121.17120253836826,1404685.0,3.4638978072407456,17.55215188583346,16.48530893105903,39.684719776520794,1153.3133689703263,50.143461730215385,1457.2642847316952,4.765099768967315,138.48285433223307,1.575378637959194,45.78349688696963,3.8313400863373057,111.34602354579444,0.0,0.0,58,5,2,2
2021-06-01,13859329.0,486379.0,1672701.0,1222024.0,17193476.0,0.0,34433909.0,2021,14437058.0,2385.1056773478363,1.0391092637310972,22.566990401848088,-7522925.0,-17.93015411982706,17.354552363578232,16.48530893105903,40.24907250582558,959.982913416293,49.93181575754295,1190.9265724360184,4.85771452785102,115.86162499312533,1.4125001027330357,33.689620142829654,3.548897106047414,84.64494635956993,0.0,0.0,59,6,2,3
2021-07-01,5106594.0,80887.0,351491.0,288195.0,5268833.0,0.0,11096000.0,2021,14437058.0,768.5776423423665,1.0391092637310972,-64.18470017258547,-23337909.0,-67.77595015425058,16.222095240976806,16.48530893105903,46.02193583273252,353.71430938353234,47.48407534246575,364.95198675519623,3.1677271088680605,24.346442329178146,0.7289744051910598,5.602734296696737,2.59728731074261,19.962169577763003,0.0,0.0,60,7,3,3
2021-08-01,4287197.0,59618.0,286466.0,207618.0,4245889.0,0.0,9086788.0,2021,14437058.0,629.4071825437011,1.0391092637310972,-69.48370100448888,-2009212.0,-18.10753424657534,16.02233204837342,16.48530893105903,47.18055488914234,296.9578012362353,46.72596081255555,294.0965534667797,3.1525551162853147,19.842408335548697,0.6560954211763276,4.129511705224153,2.2848337608404643,14.38090779991325,0.0,0.0,61,8,3,3
2021-09-01,4657167.0,82924.0,350163.0,217420.0,4592053.0,0.0,9899727.0,2021,14437058.0,685.7163696370826,1.0391092637310972,-68.82203862690614,812939.0,8.946384575055566,16.108017738967025,16.48530893105903,47.04338816615852,322.5842134872631,46.38565285689191,318.0740148027389,3.5370975381442333,24.25445682908526,0.8376392601533356,5.74382952537837,2.1962221786519973,15.059854992616916,0.0,0.0,62,9,3,4
2021-10-01,8399539.0,332483.0,845402.0,582177.0,9256566.0,0.0,19416167.0,2021,14437058.0,1344.8839091731847,1.0391092637310972,-41.95912398250729,9516440.0,96.12830737655696,16.781616627505272,16.48530893105903,43.26054158887282,581.8040628499241,47.67452813935933,641.1670577204857,4.35411376509071,58.55777541379968,1.7124028650969059,23.029830592908887,2.9984136415802354,40.32518259606631,0.0,0.0,63,10,4,4
2021-11-01,12436572.0,441196.0,1020639.0,1008021.0,14568385.0,0.0,29474813.0,2021,14437058.0,2041.607992431699,1.0391092637310972,-16.28896681014691,10058646.0,51.805518566048605,17.199046660007955,16.48530893105903,42.193896191979235,861.4339569737823,49.426556158303704,1009.0965209116705,3.4627497042983784,70.69577472086073,1.4968576730240835,30.55996588778683,3.4199402723946033,69.82177393759864,0.0,0.0,64,11,4,4
2021-12-01,11147012.0,632380.0,1306423.0,1032122.0,13901180.0,0.0,28019117.0,2021,14437058.0,1940.7774769624116,1.0391092637310972,-14.09597621395301,-1455696.0,-4.938779424995843,17.14839758517173,16.48530893105903,39.78359489344365,772.1110492179224,49.613198017624896,962.8817727268256,4.66261302952552,90.49094351494605,2.2569590612009653,43.80255312405062,3.6836349982049756,71.4911583786669,0.0,0.0,65,12,4,1
2022-01-01,8262084.0,626748.0,1018104.0,649142.0,10056456.0,0.0,20612534.0,2022,14608488.0,1410.9970860776282,1.1874302922382007,-26.176695863101074,-7406583.0,-26.434034305934762,16.841409895333168,16.49711328761159,40.08281563052849,565.5673605646252,48.78806264188576,688.3981422307361,4.939247159034401,69.69263348814744,3.0406159669645665,42.90300269268113,3.1492586015867823,44.435947101438565,0.0,0.0,66,1,1,1
2022-02-01,11961561.0,519132.0,1370087.0,940772.0,12728685.0,0.0,27520237.0,2022,14608488.0,1883.8525246418383,1.1874302922382007,-23.985338687975045,6907703.0,33.512148482083774,17.13043218291094,16.49711328761159,43.464600250353946,818.8089691417757,46.252090779596124,871.3211798510565,4.978470933953076,93.78705037783513,1.8863645687353638,35.53632655207028,3.418473467361491,64.39899871910085,0.0,0.0,67,2,1,1
2022-03-01,14406455.0,636869.0,1975493.0,1318667.0,16195769.0,0.0,34533253.0,2022,14608488.0,2363.9169912724715,1.1874302922382007,-17.64225132139181,7013016.0,25.483123564669885,17.357433272864014,16.49711328761159,41.71763082962384,986.1701635378007,46.89905407984588,1108.654708139542,5.720552882753328,135.22912159013308,1.8442195410898592,43.595819088190375,3.818542666687091,90.26717891680508,0.0,0.0,68,3,1,2
2022-04-01,12613718.0,1087442.0,2169889.0,1338485.0,17332149.0,0.0,34541683.0,2022,14608488.0,2364.4940530464205,1.1874302922382007,-14.82157209473658,8430.0,0.0244112536979868,17.357677355610377,16.49711328761159,36.51738104365094,863.4513031054275,50.17748845648315,1186.4437305215981,6.281943471023112,148.53617978807938,3.1482021301625633,74.43905214557455,3.874984898680241,91.62378748574116,0.0,0.0,69,4,2,2
2022-05-01,15211577.0,855857.0,2214599.0,1563313.0,19986279.0,0.0,39831625.0,2022,14608488.0,2726.6083252421467,1.1874302922382007,-5.065227276204876,5289942.0,15.314661998374547,17.500171752718767,16.49711328761159,38.189697256890724,1041.2834647911543,50.17691093446476,1368.1278308884532,5.559901209152275,151.59672924398473,2.14868712988737,58.58628216691556,3.9248034696048677,107.01401815163896,0.0,0.0,70,5,2,2
2022-06-01,14978132.0,1079151.0,2445658.0,1520993.0,20362330.0,0.0,40386264.0,2022,14608488.0,2764.575225033556,1.1874302922382007,17.286317972205833,554639.0,1.3924588816047523,17.514000285118275,16.49711328761159,37.0871938043093,1025.3033715741149,50.41894937348005,1393.8697831014408,6.055667837955994,167.4134927584566,2.6720743468620913,73.87150538782657,3.766114637392555,104.11707221171692,0.0,0.0,71,6,2,3
2022-07-01,13854145.0,779902.0,2288364.0,1337142.0,17419202.0,0.0,35678755.0,2022,14608488.0,2442.3304451494228,1.1874302922382007,221.5460976928623,-4707509.0,-11.656213112458236,17.390065971569534,16.49711328761159,38.83023664923286,948.3626916077831,48.82233699017805,1192.402800344567,6.41380003310093,156.64619089942778,2.1859002647373766,53.38690766628278,3.7477260627507882,91.53185463136226,0.0,0.0,72,7,3,3
2022-08-01,16401830.0,880745.0,2349926.0,1602557.0,18491759.0,0.0,39726817.0,2022,14608488.0,2719.433866119478,1.1874302922382007,337.193175410277,4048062.0,11.345861143417135,17.497537008799817,16.49711328761159,41.286544552512225,1122.760274711524,46.547295747353736,1265.8229243163291,5.915213393511995,160.8603162764004,2.2170036929965975,60.289949240468964,4.0339426136254515,109.70040157475572,0.0,0.0,73,8,3,3
2022-09-01,15487181.0,943631.0,2499533.0,1505064.0,18864712.0,0.0,39300121.0,2022,14608488.0,2690.2250937947856,1.1874302922382007,296.9818662676254,-426696.0,-1.07407547903976,17.486738155715155,16.49711328761159,39.40746391086175,1060.1494829581268,48.00166391345208,1291.3528080387237,6.360115278016575,171.10141720347787,2.4010892994451596,64.5947068580951,3.8296675982244435,103.02667873636204,0.0,0.0,74,9,3,4
2022-10-01,16582591.0,1002221.0,2572693.0,1517018.0,20410519.0,0.0,42085042.0,2022,14608488.0,2880.862276780458,1.1874302922382007,116.75257531519993,2784921.0,7.0862911592562305,17.555202938607593,16.49711328761159,39.402576811019934,1135.1339714281178,48.49827404235453,1397.1684817758005,6.113081697768057,176.10946457977033,2.381418557215649,68.60538886707508,3.6046488916418333,103.84497012969446,0.0,0.0,75,10,4,4
2022-11-01,17776421.0,1160231.0,2646133.0,1396840.0,17505310.0,0.0,40484935.0,2022,14608488.0,2771.329585922924,1.1874302922382007,37.35434046689288,-1600107.0,-3.802080083465287,17.51644048756815,16.49711328761159,43.90873049444195,1216.8556389956304,43.239071521295514,1198.2971817480359,6.5360929936036705,181.13667889517382,2.865833920691734,79.42170332754492,3.450271069967137,95.6183829565387,0.0,0.0,76,11,4,4
2022-12-01,16228613.0,1361021.0,2834065.0,1577220.0,20733372.0,0.0,42734291.0,2022,14608488.0,2925.3055483907715,1.1874302922382007,52.51833596326394,2249356.0,5.556032138868439,17.57051222382804,16.49711328761159,37.975622433983986,1110.902990097264,48.51694392215376,1419.268852464403,6.631828757846948,194.00125461307152,3.1848451633373305,93.16645227076204,3.690759722677978,107.96599894527071,0.0,0.0,77,12,4,1
2023-01-01,15530621.0,1509860.0,2787315.0,1407997.0,19728426.0,0.0,40964219.0,2023,14808064.0,2766.345350749429,1.3661646571500041,98.73451269989415,-1770072.0,-4.142041340992408,17.528209536320777,16.510682455214244,37.91265006175267,1048.7948323291957,48.16014190335229,1332.275846457714,6.804267402241942,188.22953493447895,3.685801992221553,101.9620120496508,3.4371386404315434,95.08312497839015,0.0,0.0,78,1,1,1
2023-02-01,18499752.0,1186196.0,2999204.0,1704904.0,22424602.0,0.0,46814658.0,2023,14808064.0,3161.430015429431,1.3661646571500041,70.10993764334223,5850439.0,14.281827269793679,17.661706916977593,16.510682455214244,39.51700768592607,1249.3025421824218,47.90081345889571,1514.35069432439,6.406548991557302,202.53856277228408,2.5338132343079383,80.10473212433442,3.6418166293129812,115.13348402600097,0.0,0.0,79,2,1,1
2023-03-01,21217015.0,1259118.0,3348256.0,2115072.0,25769207.0,0.0,53708668.0,2023,14808064.0,3626.987835817025,1.3661646571500041,55.52739268437874,6894010.0,14.72617828373326,17.799084961723068,16.510682455214244,39.503893486987984,1432.8014114471682,47.979605452140426,1740.2144534221354,6.234107313925566,226.11031394785977,2.344347843443073,85.02921111091902,3.9380459035029505,142.83244588894266,0.0,0.0,80,3,1,2
2023-04-01,16645978.0,1234188.0,2716626.0,1639178.0,21339437.0,0.0,43575407.0,2023,14808064.0,2942.6808933294724,1.3661646571500041,26.15310898429588,-10133261.0,-18.867086780107822,17.590003489544753,16.510682455214244,38.200395925160265,1124.1157520659012,48.97128556940386,1441.0686636686605,6.234310100649203,183.4558521627135,2.8323040103790653,83.34566895442916,3.761704394407607,110.69495647776779,0.0,0.0,81,4,2,2
2023-05-01,20094783.0,1108241.0,3079149.0,2032993.0,25759108.0,0.0,52074274.0,2023,14808064.0,3516.615946554526,1.3661646571500041,30.736001857820263,8498867.0,19.503815535216916,17.7681816035835,16.510682455214244,38.588695446815066,1357.016217650059,49.46609145237436,1739.532460151442,5.912994581547118,207.93731037359103,2.1281928961698053,74.84037076014799,3.9040256230936605,137.28958761928635,0.0,0.0,82,5,2,2
2023-06-01,18585922.0,1238419.0,3229628.0,1901750.0,24937574.0,0.0,49893293.0,2023,14808064.0,3369.3326149859968,1.3661646571500041,23.540253686253322,-2180981.0,-4.188212014247183,17.725397142870438,16.510682455214244,37.25134358239293,1255.121668842058,49.98181619321058,1684.0536345601963,6.473070438545718,218.09927347693798,2.4821352240670906,83.63139165254823,3.8116345617836846,128.42664645425629,0.0,0.0,83,6,2,3
2023-07-01,18440204.0,1262930.0,3004817.0,1915901.0,24344161.0,0.0,48968013.0,2023,14808064.0,3306.8477418790194,1.3661646571500041,37.2469779284619,-925280.0,-1.8545178006190155,17.706677846992505,16.510682455214244,37.65765214937351,1245.281219746214,49.7144145914191,1643.9799963047162,6.1362853338566135,202.91761299789087,2.5790917838549015,85.28663841539311,3.912556141495878,129.38227441480535,0.0,0.0,84,7,3,3
2023-08-01,20709001.0,1147408.0,3278780.0,2188777.0,27241917.0,0.0,54565883.0,2023,14808064.0,3684.8762268990736,1.3661646571500041,37.3527685341617,5597870.0,11.431687048441198,17.814919391932982,16.510682455214244,37.95228787922299,1398.4948336257864,49.924816574488496,1839.6676972762948,6.008846223564274,221.41854600304268,2.102793791497885,77.48534852361524,4.011255531226353,147.809801470334,0.0,0.0,85,8,3,3
2023-09-01,19639947.0,1287188.0,3559211.0,2016513.0,25514443.0,0.0,52017302.0,2023,14808064.0,3512.7685833880782,1.3661646571500041,32.35913955582988,-2548581.0,-4.670649240661973,17.767086951972324,16.510682455214244,37.75656607488024,1326.3007912445544,49.049916122139514,1723.010043716721,6.842359874797044,240.3562680442224,2.4745381834682623,86.92479989281516,3.876619744714941,136.17668048976557,0.0,0.0,86,9,3,4
2023-10-01,20416242.0,1500055.0,3590182.0,2033414.0,26105313.0,0.0,53645206.0,2023,14808064.0,3622.702197937556,1.3661646571500041,27.46858135486714,1627904.0,3.129543320028394,17.797902666105262,16.510682455214244,38.05790586394617,1378.724592222184,48.66290009213498,1762.911951217931,6.692456358542084,242.44776359691582,2.7962517284396298,101.29987282604938,3.7904859569371396,137.31801807447619,0.0,0.0,87,10,4,4
2023-11-01,20648037.0,1406882.0,3519122.0,2018306.0,26327146.0,0.0,53919493.0,2023,14808064.0,3641.2250109129727,1.3661646571500041,33.18409181094153,274287.0,0.5112982509564823,17.80300262170513,16.510682455214244,38.29419723957716,1394.3778876158287,48.82676845644672,1777.8925050567043,6.526622941354438,237.6490269085817,2.6092270563449103,95.00782816713921,3.7431843062767673,136.2977631647189,0.0,0.0,88,11,4,4
2023-12-01,18370905.0,1771792.0,3494550.0,1619484.0,23553938.0,0.0,48810669.0,2023,14808064.0,3296.2221800229927,1.3661646571500041,14.218974640295311,-5108824.0,-9.474911049330526,17.703459473977144,16.510682455214244,37.63706864988882,1240.6014047481156,48.25571638856251,1590.615626728788,7.1593978767224025,235.98966076861905,3.6299277110911956,119.65048233178895,3.3178893737350745,109.36500544568149,0.0,0.0,89,12,4,1
2024-01-01,17942890.0,1903628.0,3284762.0,1620896.8499999999,22971216.689999998,1.0,47723394.54,2024,15016706.0,3178.0201690037748,1.408975541974966,16.500193839897204,-1087274.460000001,-2.2275344351457282,17.680932287198836,16.52467387265896,37.59768175116069,1194.8619091297385,48.13407954613616,1529.7107561405276,6.882917763209055,218.74051473072723,3.988878030049704,126.76734831194005,3.3964408140360254,107.93957409834086,2.0954083623742157e-06,6.65925003792443e-05,90,1,1,1
2024-02-01,20836270.0,1596741.0,3767433.0,1998977.73,27032936.66,3.0,55232361.39,2024,15016706.0,3678.0610468101327,1.408975541974966,17.98091399065651,7508966.8500000015,15.734351930280788,17.827059596531004,16.52467387265896,37.724749541076974,1387.5393178770364,48.94401756448241,1800.190844783137,6.821060887471138,250.88278348127747,2.890951898154938,106.3309756480549,3.6192146772162475,133.11692524312588,5.431598295819305e-06,0.00019977750113773287,91,2,1,1
2024-03-01,21512562.0,1735521.0,3938991.0,2044494.73,28746090.19,4.0,57977662.92,2024,15016706.0,3860.8775399877977,1.408975541974966,7.948428212742131,2745301.530000001,4.9704583706193795,17.875568372263178,16.52467387265896,37.1049140592023,1432.5752931435163,49.581319325798034,1914.2740218793656,6.793980304854965,262.30725966133986,2.993430422324446,115.57268285068643,3.526348988611492,136.14801608288795,6.899208761690458e-06,0.0002663700015169772,92,3,1,2
2024-04-01,19441061.0,1553305.0,3554893.0,1913768.74,25476291.28,10.0,51939329.019999996,2024,15016706.0,3458.769787462044,1.408975541974966,19.194134021513555,-6038333.900000006,-10.414931537223138,17.765586845748086,16.52467387265896,37.4303275895496,1294.6288620154114,49.05009702799584,1696.529936725138,6.844318298049512,236.7292134506729,2.9906142980820514,103.43846380158205,3.68462353309007,127.44264554423587,1.925323293288859e-05,0.0006659250037924429,93,4,2,2
2024-05-01,21207587.0,1240577.0,3532389.0,2235249.19,28455819.330000002,41.0,56671662.52,2024,15016706.0,3773.9077078555047,1.408975541974966,8.828521584381566,4732333.500000007,9.111271919161211,17.852784864578023,16.52467387265896,37.42185433948691,1412.2662453403564,50.211724986817984,1894.944159524732,6.233078125691803,235.23061582213836,2.189060537199148,82.61312434298173,3.944209664241203,148.8508325327805,7.23465629502764e-05,0.002730292515549016,94,5,2,2
2024-06-01,18473978.0,1234210.0,3053729.0,1881839.01,25499626.97,46.0,50143428.980000004,2024,15016706.0,3339.1763133672594,1.408975541974966,0.5013418937892089,-6528233.539999999,-11.519396555017458,17.730398036469342,16.52467387265896,36.84227101295456,1230.2283869711505,50.85337698020347,1698.0839186703129,6.089988383558686,203.35544959060928,2.461359394652232,82.18912989306709,3.752912491785479,125.3163649871017,9.173684555626893e-05,0.0030632550174452375,95,6,2,3
2024-07-01,19732454.0,1334743.0,3210288.0,2138106.14,26851279.79,49.0,53266919.93,2024,15016706.0,3547.1773856397003,1.408975541974966,8.779010351104088,3123490.9499999955,6.2291131929685495,17.790826057247823,16.52467387265896,37.04448093850956,1314.0334504784205,50.40892138176235,1788.0938595987695,6.0267948742273,213.7811048574834,2.5057634302002714,88.88387373369366,4.013947385750412,142.38183393881454,9.198955010800828e-05,0.0032630325185829703,96,7,3,3
2024-08-01,21083884.0,1308704.0,3574271.0,3997761.76,27875869.61,0.0,57840490.37,2024,15016706.0,3851.7428768999007,1.408975541974966,6.001199265848944,4573570.439999998,8.586136472711935,17.873199613821722,16.52467387265896,36.451772564735265,1404.0285532659427,48.19438672058409,1856.3238575756893,6.17953094300504,238.01964292302185,2.2626087566484094,87.14987161631852,6.9117010150272,266.2209515189283,0.0,0.0,97,8,3,3
2024-09-01,20151937.0,1390446.0,3483786.0,5334619.97,24415387.13,0.0,54776176.099999994,2024,15016706.0,3647.6825277128014,1.408975541974966,5.303762390444611,-3064314.2700000033,-5.297870488991164,17.818765914689507,16.52467387265896,36.78960167502456,1341.967872315007,44.57300393774658,1625.881676713921,6.3600387030302405,231.99402052620593,2.5384137758385807,92.59327578231871,9.738941908360047,355.24568237534913,0.0,0.0,98,9,3,4
2024-10-01,20976366.0,1602163.0,3868183.0,5907548.66,26080943.919999998,0.0,58435204.58,2024,15016706.0,3891.3463831548675,1.408975541974966,8.929033807792619,3659028.480000004,6.679963335374195,17.883429084327265,16.52467387265896,35.89679569151258,1396.868660810167,44.63224542030002,1736.7952678836489,6.619610605973514,257.59197789448626,2.741777001578866,106.69204018511117,10.109571280635022,393.39843638145413,0.0,0.0,99,10,4,4
2024-11-01,20694742.0,1529651.0,2825853.0,5470445.93,25050088.54,0.0,55570780.47,2024,15016706.0,3700.597219523376,1.408975541974966,3.062505558054851,-2864424.1099999994,-4.901880862038388,17.833168089965827,16.52467387265896,37.2403299449287,1378.1146144833626,45.0778058687215,1668.1480306000528,5.085141824714055,188.1806169741886,2.7526174494270155,101.8632847976114,9.84410491220873,364.29067266816037,0.0,0.0,100,11,4,4
2024-12-01,18916955.0,1850976.0,3483253.0,5313819.2700000005,22048235.73,0.0,51613239.0,2024,15016706.0,3437.054637681526,1.408975541974966,5.741716017045362,-3957541.469999999,-7.121622976190666,17.75928876731084,16.52467387265896,36.65136187248392,1259.7273330116473,42.71817881842293,1468.2471462116926,6.748758782606144,231.9585267235038,3.5862426692500353,123.26111998197207,10.295457857236979,353.86051175271064,0.0,0.0,101,12,4,1
2025-01-01,18014754.0,1859993.0,3478325.0,5117033.4399999995,19944875.61,0.0,48414981.05,2025,15232336.0,3178.4344206955516,1.435934085677637,1.4491561563591882,-3198257.950000003,-6.19658446547019,17.69531984962007,16.538931094593522,37.209048954073694,1182.6652195697366,41.19566955815219,1309.3773410723081,7.184398144053389,228.35138353040531,3.8417716162671103,122.10819141594565,10.569111727453624,335.93228510715625,0.0,0.0,102,1,1,1
2025-02-01,20566451.0,1566597.0,3557327.0,5715461.7,22191955.130000003,0.0,53597791.83,2025,15232336.0,3518.6849758303647,1.435934085677637,-2.959441745498037,5182810.780000001,10.704973269838769,17.79701842799091,16.538931094593522,38.37182521480009,1350.1836487850583,41.40460711588238,1456.8976898881433,6.637077533498081,233.53785000540955,2.9228760113269017,102.84679907270953,10.663614124492563,375.2189880790445,0.0,0.0,103,2,1,1
2025-03-01,22721536.0,1577871.0,4282738.0,6290733.31,25784475.34,0.0,60657353.650000006,2025,15232336.0,3982.1438845624207,1.435934085677637,4.621936440759189,7059561.820000008,13.171366914501492,17.920751433325165,16.538931094593522,37.45883167126925,1491.6645746259799,42.50840794799494,1692.7459675259265,7.060542114500901,281.1609460295519,2.601285590374581,103.58693505710482,10.370932675860315,412.98546132385735,0.0,0.0,104,3,1,2
2025-04-01,19486760.0,1662230.0,4037864.0,5904251.07,23173176.0,0.0,54264281.07,2025,15232336.0,3562.4398693673775,1.435934085677637,4.476284337644687,-6393072.580000006,-10.539649680216478,17.80937676127177,16.538931094593522,35.910841562357405,1279.3021372427709,42.70429008376062,1521.3146558741878,7.441108442570582,265.0850138809963,3.063212056298602,109.12508757684968,10.880547855012797,387.6129747925729,0.0,0.0,105,4,2,2
2025-05-01,21087224.0,1329564.0,3848686.0,6324356.62,24026648.87,630.0,56617109.49,2025,15232336.0,3716.9026136240695,1.435934085677637,-0.09626156631764582,2352828.420000002,4.335869514174329,17.851821785302846,16.538931094593522,37.245320698903804,1384.372298510222,42.437081451930545,1577.3449896325817,6.797743711518467,252.66551368089569,2.348343128034175,87.28562710276348,11.170398271775142,415.19282531582814,0.0011127378378637887,0.04135938177834313,106,5,2,2
2025-06-01,19212256.0,1320642.0,3772030.0,6194726.930000001,23472766.87,0.0,53972421.8,2025,15232336.0,3543.2793630602687,1.435934085677637,7.636080934008738,-2644687.690000005,-4.671181050786643,17.803983766665695,16.538931094593522,35.596431212949575,1261.2810011543863,43.49029761343783,1540.9827402704352,6.988809977765349,247.63306166565656,2.4468829745935174,86.69989947700734,11.477578221253731,406.68266049278327,0.0,0.0,107,6,2,3
2025-07-01,19480085.0,1419625.0,4015116.0,6123208.77,23033377.97,0.0,54071412.739999995,2025,15232336.0,3549.7780996952793,1.435934085677637,1.5103047276944226,98990.93999999762,0.1834102245158009,17.805816188999103,16.538931094593522,36.02658782685988,1278.8639247453575,42.59806948406357,1512.1369414382666,7.425579981249072,263.59161194973643,2.6254631200893606,93.19811485250851,11.324299587738125,401.9875067094108,0.0,0.0,108,7,3,3
2025-08-01,20083050.0,1266292.0,3816261.0,6208252.67,24248540.58,0.0,55622396.25,2025,15232336.0,3651.5998760794146,1.435934085677637,-3.834846671961223,1550983.5100000054,2.8683983484171893,17.834096488366338,16.538931094593522,36.10604963823363,1318.448463846911,43.594922575814046,1591.9121387553425,6.861015089762517,250.53681851555797,2.276586564714928,83.13183217597091,11.161426131474874,407.5706227856318,0.0,0.0,109,8,3,3
2025-09-01,20722046.0,1464752.0,3866926.0,6312105.79,25238134.57,0.0,57603964.36,2025,15232336.0,3781.6894506528743,1.435934085677637,5.162441888673586,1981568.1099999994,3.562536394681115,17.869101948992185,16.538931094593522,35.973298418310456,1360.3984313371238,43.81319037744089,1656.8787984981423,6.712951170918334,253.86296625809723,2.542797212438245,96.16069393427246,10.957762820892073,414.3885606252383,0.0,0.0,110,9,3,4
2025-10-01,21234855.0,1680764.0,4230210.0,6633677.77,25813735.68,0.0,59593242.449999996,2025,15232336.0,3912.28518396653,1.435934085677637,1.9817469252025877,1989278.0899999961,3.4533701145425644,17.903052743895977,16.538931094593522,35.63299147183759,1394.0642459567594,43.31654835136429,1694.6669033561234,7.098472622209198,277.7124926866109,2.820393606557315,110.34184119888111,11.131593948031602,435.4997007681553,0.0,0.0,111,10,4,4
2025-11-01,21014985.0,1634142.0,3727469.0,5854155.16,25240627.49,33.0,57471411.65,2025,15232336.0,3772.987390115344,1.435934085677637,3.420198823779441,-2121830.799999997,-3.5605224900797428,17.866798193432643,16.538931094593522,36.56598019199691,1379.6298217161175,43.91857928201769,1657.0424582283374,6.485779438828175,244.70764037768075,2.843399793190916,107.28111564765904,10.18620387411347,384.3241877017419,5.741985284956891e-05,0.0021664438074370206,112,11,4,4
2025-12-01,19359880.0,1851053.0,4007331.0,5278471.17,22804949.560000002,0.0,53301684.730000004,2025,15232336.0,3499.2456002808763,1.435934085677637,3.271342319748638,-4169726.9199999943,-7.255306247554117,17.791478497079314,16.538931094593522,36.321328487209335,1270.9724890522373,42.78466933178306,1497.1406591871398,7.518207014091878,263.0805281606183,3.4727851650027945,121.52128209356727,9.903010001912934,346.5306417873135,0.0,0.0,113,12,4,1
